{
    "format_version": "1.21.60",
    "minecraft:lighting_settings": {
        "description": {
            "identifier": "jgrtx:global"
        },
        "directional_lights": {
            "sun": {
                "illuminance": {
                    "0.750000": 250,
                    "0.000000": 400,
                    "0.250000": 250,
                    "0.350000": 100,
                    "1.000000": 400,
                    "0.650000": 150,
                    "0.500000": 100
                },
                "color": {
                    "0.000000": [
                        245,
                        222,
                        208
                    ]
                }
            },
            "moon": {
                "illuminance": {
                    "0.000000": 22
                },
                "color": {
                    "0.000000": [
                        75,
                        85,
                        95
                    ]
                }
            },
            "orbital_offset_degrees": {
                "0.000000": 56.51842846679688
            }
        },
        "emissive": {
            "desaturation": 0.09000000357627869
        },
        "ambient": {
            "color": [
                100,
                100,
                100
            ],
            "illuminance": 0.5
        }
    }
}