{
  "format_version": "1.21.80",
  "minecraft:lighting_settings": {
    "description": {
      "identifier": "jgrtx:global"
    },
    "directional_lights": {
      "orbital": {
        "sun": {
          "illuminance": {
            "0.000000": 95000,
            "0.120000": 85000,
            "0.160000": 45000,
            "0.200000": 12000,
            "0.215000": 2500,
            "0.260000": 150,
            "0.300000": 0,
            "0.700000": 0,
            "0.740000": 150,
            "0.770000": 2500,
            "0.800000": 12000,
            "0.840000": 45000,
            "0.880000": 85000
          },
          "color": {
            "0.000000": [255, 252, 245],
            "0.120000": [255, 248, 235],
            "0.160000": [255, 235, 200],
            "0.200000": [255, 195, 130],
            "0.215000": [255, 125, 45],
            "0.260000": [255, 65, 15],
            "0.300000": [0, 0, 0],
            "0.700000": [0, 0, 0],
            "0.740000": [255, 65, 15],
            "0.770000": [255, 125, 45],
            "0.800000": [255, 195, 130],
            "0.840000": [255, 235, 200],
            "0.880000": [255, 248, 235]
          }
        },
        "moon": {
          "illuminance": {
            "0.000000": 0.0,
            "0.260000": 0.05,
            "0.300000": 0.35,
            "0.500000": 0.45,
            "0.700000": 0.35,
            "0.740000": 0.05,
            "0.800000": 0.0
          },
          "color": {
            "0.000000": [180, 195, 220],
            "0.300000": [165, 185, 215],
            "0.500000": [155, 175, 210],
            "0.700000": [165, 185, 215]
          }
        },
        "orbital_offset_degrees": {
          "0.000000": 25.0,
          "0.160000": 30.0,
          "0.200000": 40.0,
          "0.215000": 55.0,
          "0.300000": 65.0,
          "0.500000": 70.0,
          "0.700000": 65.0,
          "0.770000": 55.0,
          "0.800000": 40.0,
          "0.840000": 30.0
        }
      },
      "flash": {
        "illuminance": 0.0,
        "color": [180, 140, 255]
      }
    },
    "emissive": {
      "desaturation": 0.06
    },
    "ambient": {
      "illuminance": 0.15,
      "color": [35, 40, 55]
    },
    "sky": {
      "intensity": 0.45
    }
  }
}