{
  "format_version": "1.21.80",
  "minecraft:lighting_settings": {
    "description": {
      "identifier": "jgrtx:global"
    },
    "directional_lights": {
      "orbital": {
      "sun": {
        "illuminance": {
          "0.000000": 110,
          "0.160000": 115,
          "0.215000": 15,
          "0.300000": 0,
          "0.740000":5,
          "0.770000": 215,
          "0.827000": 315
        },
        "color": {
          "0.000000": [255, 215,150],
          "1.600000": [255, 176,120],
          "0.215000": [ 255, 72,15],
          "0.260000": [  0, 0,0],
          "0.300000": [  0, 0,0],
          "0.670000": [ 0, 0,0],
          "0.680000": [ 0, 0,0 ],
          "0.690000": [ 0, 0,0],
          "0.740000": [ 255, 30,5 ],
          "0.770000": [ 255, 30,5 ],
          "0.800000": [ 255, 186,145]
        }
      },
      "moon": {
        "illuminance": {
          "0.000000": 1.1,
          "0.730000": 1.1,
          "0.740000": 4.2
        },
        "color": {
          "0.000000": [145, 180, 255]
         }
      },
      "orbital_offset_degrees": {
        "0.000000": 60.0,
        "0.215000": 23.0,
        "0.827000": 35.0
     
      }
    },
    "flash": {
      "illuminance": 0.0,
      "color": [ 182, 0, 255 ]
    }
  },
    "emissive": {
      "desaturation": 0.08
    },
    "ambient": {
      "illuminance": 0.2,
      "color": [30, 30, 30]
    },
    "sky": {
      "intensity": 0.35
    }
  }
}