{
  "format_version": "1.21.80",
  "minecraft:lighting_settings": {
    "description": {
      "identifier": "jgrtx:pale_lighting"
    },
    "directional_lights": {
      "orbital": {
      "sun": {
        "illuminance": {
          "0.000000": 110,
          "0.215000": 30,
          "0.240000": 15,
          "0.250000": 15,
          "0.260000": 0,
          "0.300000": 0,
          "0.310000": 0,
          "0.600000": 0,
          "0.660000": 30,
          "0.670000": 30,
          "0.680000": 30,
          "0.740000": 2,
          "0.770000": 40,
          "0.827000": 70
        },
        "color": {
          "0.000000": [255, 245,225],
          "0.215000": [ 255, 114,75],
          "0.260000": [  0, 0,0],
          "0.300000": [  0, 0,0],
          "0.670000": [ 0, 0,0],
          "0.680000": [ 179,  51, 31 ],
          "0.690000": [ 245, 89, 65],
          "0.740000": [ 255, 70,20 ],
          "0.770000": [ 255, 70,20 ],
          "0.800000": [ 255, 225,195 ]
        }
      },
      "moon": {
        "illuminance": {
          "0.000000": 1.2,
          "0.730000": 1.2,
          "0.740000": 1.2
        },
        "color": {
          "0.000000": [170, 190, 255]
         }
      },
      "orbital_offset_degrees": {
       "0.000000": 60.0,
        "0.215000": 23.0,
        "0.827000": 35.0
     
      }
    },
    "flash": {
      "illuminance": 0.0,
      "color": [ 182, 0, 255 ]
    }
  },
    "emissive": {
      "desaturation": 0.07
    },
    "ambient": {
      "illuminance": 0.2,
      "color": [30, 30, 30]
    },
    "sky": {
      "intensity": 0.25
    }
  }
}