{
    "format_version": "1.21.40",
    "minecraft:atmosphere_settings": {
        "description": {
            "identifier": "jgrtx:atmospherics"
        },
      "sky_zenith_color": {
        "0.000000": [76, 142, 255 ],
        "0.160000": [40, 122, 255 ],
        "0.215000": [100, 130, 145],
        "0.300000": [0, 34, 80],
        "0.700000": [0, 34, 80],
        "0.740000": [70, 90, 105],
        "0.770000": [120, 130, 145],
        "0.827000": [56, 102, 215 ]
    },
    "sky_horizon_color": {
      "0.000000":  [225, 239, 255],
      "0.160000":  [255, 239, 215],
      "0.215000":  [255, 109, 20],
      "0.300000":   [80, 141, 255],
      "0.700000":   [80, 141, 255],
      "0.740000":  [255, 149, 50],
      "0.770000":  [255, 149, 50],
      "0.827000":  [225, 239, 255]
    },
    "rayleigh_strength": {
      "0.000000": 1.2,
      "0.215000": 0.8,
      "0.305000": 1.0,
      "0.700000": 1.0,
      "0.740000": 1.15,
      "0.770000": 0.4,
      "0.800000": 0.7
    },
    "sun_mie_strength": {
      "0.000000": 7,
      "0.215000": 4,
      "0.770000": 4,
      "0.800000": 4
    },
    "moon_mie_strength": {
      "0.800000": 1.25
    },
    "sun_glare_shape": {
      "0.000000": 5,
      "0.200000": 2.5,
      "0.250000": 2.5,
      "0.270000": 10,
      "0.740000": 11,
      "0.800000": 5.199999809265137
    },
    "horizon_blend_stops": {
      "min": {
        "0.000000": 0.44,
        "0.215000": 0.34,
        "0.300000": 0.24,
        "0.770000": 0.34,
        "0.800000": 0.302
      },
      "start": {
        "0.000000": 0.64,
        "0.215000": 0.74,
        "0.300000": 0.54,
        "0.770000": 0.78,
        "0.800000": 0.63
      },
      "mie_start": {
        "0.000000": 0.24,
        "0.215000": 0.14,
        "0.300000": 0.24,
        "0.770000": 0.3,
        "0.800000": 0.04
      },
      "max": {
        "0.000000": 0.44,
        "0.215000": 0.34,
        "0.300000": 0.44,
        "0.770000": 0.5,
        "0.800000": 0.44
      }
        }
    }
}