{
    "format_version": "1.21.40",
    "minecraft:atmosphere_settings": {
        "description": {
            "identifier": "jgrtx:pale_atmosphere"
        },
        "sky_zenith_color": {
      "0.000000": [120, 120,120],
      "0.215000": [165, 174,185],
      "0.300000": [14, 34,92],
      "0.694000": [14, 34,92],
      "0.740000": [224,235,245],
      "0.770000": [224,235,245],
      "0.827000": [120, 120,120]
    },
    "sky_horizon_color": {
      "0.000000":   [225, 239, 257],
      "0.215000":   [ 255,230,210],
      "0.300000":   [45,105,125],
      "0.694000":   [45,105,125],
      "0.740000":   [ 255,230,210],
      "0.770000":   [ 255,230,210],
      "0.827000":   [225, 239, 257]
    },
    "rayleigh_strength": {
      "0.000000": 1.3,
      "0.215000": 1.5,
      "0.300000": 0.1,
      "0.694200": 0.1,
      "0.740000": 0.8,
      "0.770000": 1.3,
      "0.800000": 0.7
    },
    "sun_mie_strength": {
      "0.295000": 5,
      "0.000000": 4,
      "0.215000": 8,
      "0.300000": 0,
      "0.400000": 0,
      "0.500000": 0,
      "0.740000": 7,
      "0.780000": 12,
      "0.800000": 4,
      "1.000000": 4
    },
    "moon_mie_strength": {
      "0.000000": 0,
      "0.250000": 2.2,
      "0.300000": 2.2,
      "0.350000": 2.2,
      "0.730000": 0,
      "0.500000": 0,
      "0.800000": 0,
      "1.000000": 0
    },
    "sun_glare_shape": {
      "0.000000": 5,
      "0.200000": 2.5,
      "0.250000": 2.5,
      "0.270000": 10,
      "0.740000": 5,
      "0.800000": 7.199999809265137
    },
    "horizon_blend_stops": {
      "min": {
        "0.000000": 0.484,
        "0.215000": 0.3,
        "0.270000": 0.25,
        "0.300000": 0.4429999887943268,
        "0.400000": 0.4339999854564667,
        "0.500000": 0.3499999940395355,
        "0.600000": 0.3499999940395355,
        "0.650000": 0.25,
        "0.680000": 0.05000000074505806,
        "0.740000": 0.41,
        "0.780000": 0.41,
        "0.800000": 0.392
      },
      "start": {
        "0.000000": 0.452,
        "0.215000": 0.76,
        "0.250000": 0.7229999899864197,
        "0.280000": 0.48399999737739563,
        "0.300000": 0.375,
        "0.500000": 0.5109999775886536,
        "0.600000": 0.6230000257492065,
        "0.680000": 0.10000000149011612,
        "0.740000": 0.9,
        "0.780000": 0.9,
        "0.800000": 0.7
      },
      "mie_start": {
        "0.750000": 0.3192000091075897,
        "0.000000": 0.21000000149011612,
        "0.250000": 0.10000000149011612,
        "0.180000": 0.10000000149011612,
        "0.215000": 0.12,
        "0.300000": 0.2484000027179718,
        "0.500000": 0.5916000008583069,
        "0.740000": 0.12,
        "0.800000": 0.11800000071525574
      },
      "max": {
        "0.000000": 0.484,
        "0.215000": 0.33,
        "0.250000": 0.6000000238418579,
        "0.300000": 0.5199999809265137,
        "0.350000": 0.49300000071525574,
        "0.400000": 0.5929999947547913,
        "0.500000": 0.5929999947547913,
        "0.680000": 0.20000000298023224,
        "0.740000": 0.55,
        "0.780000": 0.55,
        "0.800000": 0.44
      }
        }
    }
}